id,first_name,last_name,date_of_birth,email
1,King,Inggall,12/15/1995,kinggall0@msu.edu
2,Melantha,Royds,1/24/1999,mroyds1@wikispaces.com
3,Issi,Tobias,7/24/1993,itobias2@parallels.com
4,Sidoney,Oury,1/23/1997,soury3@redcross.org
5,Carena,Chennells,10/17/1991,cchennells4@bbb.org
6,Monty,O'Suaird,4/28/1997,mosuaird5@columbia.edu
7,Kirbie,McSorley,7/19/1993,kmcsorley6@1und1.de
8,Issie,Currall,12/28/1998,icurrall7@weibo.com
9,Clyde,Stollwerk,11/19/1992,cstollwerk8@blogspot.com
10,Roch,Vogel,11/27/1997,rvogel9@opensource.org
11,Aloisia,Vasechkin,2/28/1996,avasechkina@yahoo.co.jp
12,Skelly,Kelso,9/8/1992,skelsob@cloudflare.com
13,Erich,Lie,1/6/1991,eliec@lulu.com
14,Isis,Shanklin,7/8/1996,ishanklind@prnewswire.com
15,Vivia,Alsopp,4/3/1998,valsoppe@fastcompany.com
16,Ana,Piscopiello,11/19/1997,apiscopiellof@arstechnica.com
17,Shelia,Longforth,10/8/1993,slongforthg@slate.com
18,Ibby,Bullers,4/29/1994,ibullersh@blinklist.com
19,Barnard,Merrin,1/24/1991,bmerrini@unblog.fr
20,Fonsie,Gofton,3/2/1999,fgoftonj@bigcartel.com
21,Ranee,Ruslen,5/3/1990,rruslenk@bigcartel.com
22,Orv,Trowl,7/24/1998,otrowll@furl.net
23,Calli,Juza,6/29/1997,cjuzam@sogou.com
24,Papagena,Ashcroft,1/22/1998,pashcroftn@hubpages.com
25,Cedric,Elsmere,3/31/1995,celsmereo@accuweather.com
26,Galven,Coon,10/23/1999,gcoonp@dot.gov
27,Melva,Ludee,6/13/1993,mludeeq@ebay.co.uk
28,Dannie,Handrock,6/3/1991,dhandrockr@rambler.ru
29,Cammy,Adhams,8/20/1998,cadhamss@tiny.cc
30,Yetty,FitzGibbon,9/12/1993,yfitzgibbont@dailymail.co.uk
31,Melisa,Cutforth,2/13/1995,mcutforthu@goodreads.com
32,Arlie,Boothebie,8/22/1993,aboothebiev@opera.com
33,Abbe,Feldmus,11/4/1994,afeldmusw@vinaora.com
34,Wain,Gillings,2/6/1997,wgillingsx@newyorker.com
35,Libbi,Melmoth,8/30/1994,lmelmothy@artisteer.com
36,Pip,Sturror,10/5/1996,psturrorz@java.com
37,Fraser,Ivashkin,9/8/1992,fivashkin10@g.co
38,Raynor,Laidlow,4/20/1992,rlaidlow11@github.com
39,Carline,Slipper,10/10/1992,cslipper12@ed.gov
40,Tedman,Sheehan,12/4/1992,tsheehan13@cisco.com
41,Homerus,Bog,5/19/1995,hbog14@sitemeter.com
42,Maura,Castellaccio,11/21/1993,mcastellaccio15@gov.uk
43,Zed,Petracci,8/5/1996,zpetracci16@bloglovin.com
44,Batsheva,Carus,12/14/1999,bcarus17@fc2.com
45,Hetti,Windress,11/26/1990,hwindress18@utexas.edu
46,Cinnamon,Mounter,11/28/1996,cmounter19@ted.com
47,Shay,Mellanby,2/9/1998,smellanby1a@yellowbook.com
48,Crissy,Matschek,1/20/1996,cmatschek1b@globo.com
49,Clary,Ovett,8/4/1991,covett1c@ca.gov
50,Lazaro,M'Quharge,3/6/1993,lmquharge1d@geocities.jp
51,Rodger,Gotthard,7/20/1999,rgotthard1e@sina.com.cn
52,Kearney,Lowbridge,12/13/1994,klowbridge1f@free.fr
53,Neal,Bedlington,3/6/1993,nbedlington1g@liveinternet.ru
54,Bobette,Balchin,4/7/1990,bbalchin1h@furl.net
55,Duff,Senn,4/14/1996,dsenn1i@theguardian.com
56,Esmeralda,Novello,4/21/1994,enovello1j@delicious.com
57,Innis,Blondelle,2/22/1998,iblondelle1k@patch.com
58,Rozamond,Philipeau,11/2/1990,rphilipeau1l@51.la
59,Theodora,Mathelin,10/28/1994,tmathelin1m@businessweek.com
60,Tucky,Johnikin,2/13/1999,tjohnikin1n@wp.com
61,Jody,Davey,5/31/1998,jdavey1o@fotki.com
62,Livia,Rappaport,7/3/1999,lrappaport1p@reverbnation.com
63,Sonni,Vallentin,9/27/1998,svallentin1q@topsy.com
64,Matilda,Bassford,3/11/1991,mbassford1r@constantcontact.com
65,Anderea,Heindle,11/25/1998,aheindle1s@deliciousdays.com
66,Kirby,Everest,5/13/1990,keverest1t@forbes.com
67,Herb,Pfeiffer,3/3/1994,hpfeiffer1u@hp.com
68,Crista,Springall,1/2/1991,cspringall1v@nbcnews.com
69,Emilio,Whitloe,7/28/1993,ewhitloe1w@europa.eu
70,Holly-anne,Witcherley,12/3/1996,hwitcherley1x@loc.gov
71,Adrianna,Spavins,7/1/1994,aspavins1y@blogger.com
72,Rozella,Egerton,7/15/1994,regerton1z@com.com
73,Trevor,Boast,10/30/1992,tboast20@adobe.com
74,Jo,Ratt,8/31/1991,jratt21@wikimedia.org
75,Fairleigh,Biasi,3/6/1993,fbiasi22@statcounter.com
76,York,Giacomuzzo,3/22/1998,ygiacomuzzo23@businessweek.com
77,Drugi,Endean,6/30/1998,dendean24@photobucket.com
78,Tessi,Featherstonhalgh,11/27/1994,tfeatherstonhalgh25@dedecms.com
79,Kenyon,Ubanks,7/19/1996,kubanks26@jimdo.com
80,Karna,Hovey,2/12/1997,khovey27@psu.edu
81,Korrie,Aronow,9/26/1994,karonow28@smh.com.au
82,Josie,Clemmitt,3/29/1990,jclemmitt29@livejournal.com
83,Meridel,Cejka,1/24/1994,mcejka2a@google.nl
84,Annecorinne,Haugg,9/5/1993,ahaugg2b@angelfire.com
85,Teirtza,Clayal,6/19/1998,tclayal2c@opera.com
86,Diana,Winley,7/20/1990,dwinley2d@skype.com
87,Babb,Ibell,10/15/1990,bibell2e@cam.ac.uk
88,Nye,Samwyse,10/1/1992,nsamwyse2f@dion.ne.jp
89,Jolyn,Ortner,9/7/1997,jortner2g@cbc.ca
90,Joletta,Conahy,4/22/1999,jconahy2h@prweb.com
91,Cristen,Williamson,3/24/1990,cwilliamson2i@netscape.com
92,Libby,Geistbeck,2/2/1992,lgeistbeck2j@reverbnation.com
93,Vannie,Spur,7/3/1996,vspur2k@freewebs.com
94,Carissa,Di Carlo,5/19/1990,cdicarlo2l@dropbox.com
95,Ann,Quince,6/27/1997,aquince2m@xing.com
96,Merrel,Nicolson,8/4/1998,mnicolson2n@indiatimes.com
97,Monique,Olivas,11/7/1998,molivas2o@ted.com
98,Sarena,Eldon,4/18/1996,seldon2p@nationalgeographic.com
99,Roderic,Krzysztofiak,11/17/1993,rkrzysztofiak2q@reuters.com
100,Thaddeus,Filipczak,4/1/1994,tfilipczak2r@answers.com
101,Gilberte,Remington,4/9/1992,gremington2s@infoseek.co.jp
102,Jeralee,Patington,3/6/1998,jpatington2t@paginegialle.it
103,Fredi,Kimblin,4/14/1990,fkimblin2u@sfgate.com
104,Burg,Waggitt,11/10/1995,bwaggitt2v@senate.gov
105,Jone,Fathers,12/7/1996,jfathers2w@cocolog-nifty.com
106,Sean,De Blase,4/20/1999,sdeblase2x@loc.gov
107,Karon,Annesley,8/28/1993,kannesley2y@nymag.com
108,Hilario,Risom,6/5/1996,hrisom2z@intel.com
109,Leanor,Meadus,12/27/1993,lmeadus30@umn.edu
110,Aloin,Waight,11/5/1993,awaight31@is.gd
111,Edy,Camplejohn,3/4/1995,ecamplejohn32@fda.gov
112,Gennie,Osant,10/14/1994,gosant33@delicious.com
113,Beaufort,De Mars,3/12/1999,bdemars34@google.nl
114,Valry,Antonovic,9/30/1993,vantonovic35@people.com.cn
115,Hinze,Darycott,4/13/1992,hdarycott36@phoca.cz
116,Lanni,Mugg,10/19/1999,lmugg37@cnet.com
117,Bjorn,Matusson,8/6/1997,bmatusson38@uol.com.br
118,Ashla,Millichap,4/25/1995,amillichap39@ucoz.com
119,Brose,Jirak,1/4/1990,bjirak3a@about.me
120,Clari,Adcock,10/1/1998,cadcock3b@jiathis.com
121,Kania,Toman,10/11/1997,ktoman3c@gmpg.org
122,Elizabeth,Joysey,4/20/1999,ejoysey3d@tamu.edu
123,Egan,Reaney,10/19/1991,ereaney3e@flickr.com
124,Zorina,Leadbeatter,2/23/1992,zleadbeatter3f@myspace.com
125,Georgi,Boullin,3/7/1995,gboullin3g@china.com.cn
126,Oliy,Egdell,1/4/1993,oegdell3h@php.net
127,Briano,Lawes,4/8/1991,blawes3i@photobucket.com
128,Kippy,McPake,10/22/1993,kmcpake3j@ning.com
129,Kriste,Bosquet,9/22/1993,kbosquet3k@paypal.com
130,Winnah,Stefanovic,11/28/1994,wstefanovic3l@drupal.org
131,Tiphani,Labrow,8/7/1994,tlabrow3m@msu.edu
132,Ketty,Lambertz,5/14/1993,klambertz3n@si.edu
133,Carla,Tammadge,8/24/1995,ctammadge3o@bravesites.com
134,Isa,Dionisi,11/15/1995,idionisi3p@behance.net
135,Piper,Perell,6/26/1999,pperell3q@intel.com
136,Jenda,Davers,7/13/1994,jdavers3r@nba.com
137,Winne,Kingett,10/25/1991,wkingett3s@linkedin.com
138,Mollie,Embra,11/21/1994,membra3t@cocolog-nifty.com
139,Harland,Glayzer,5/18/1990,hglayzer3u@hugedomains.com
140,Beverley,Robbey,10/7/1990,brobbey3v@aboutads.info
141,Ginger,Cartner,1/31/1992,gcartner3w@eventbrite.com
142,Lynnett,Samper,2/3/1992,lsamper3x@ifeng.com
143,Harlen,Mogra,2/18/1995,hmogra3y@ca.gov
144,Dominic,Coxhead,4/6/1999,dcoxhead3z@omniture.com
145,Darlleen,Wille,9/1/1999,dwille40@reddit.com
146,Anthe,Dinning,5/15/1996,adinning41@arstechnica.com
147,Marjie,Morrott,9/5/1993,mmorrott42@gravatar.com
148,Hall,Noblet,4/3/1997,hnoblet43@europa.eu
149,Mitch,Pitceathly,1/3/1995,mpitceathly44@de.vu
150,Arnuad,Concklin,12/27/1995,aconcklin45@edublogs.org
151,Stephan,Howis,12/5/1994,showis46@cnet.com
152,Valentina,Stickings,6/14/1992,vstickings47@eepurl.com
153,Dallas,Beckers,4/7/1996,dbeckers48@parallels.com
154,Faun,Allcott,3/12/1992,fallcott49@ft.com
155,Marlena,Paxforde,6/21/1998,mpaxforde4a@mac.com
156,Skipton,de Copeman,1/18/1995,sdecopeman4b@scientificamerican.com
157,Edin,Dessant,4/13/1990,edessant4c@goo.gl
158,Maighdiln,O'Boyle,12/29/1998,moboyle4d@aboutads.info
159,Moria,Simkin,11/7/1998,msimkin4e@unblog.fr
160,Nerita,Hazel,2/14/1990,nhazel4f@sakura.ne.jp
161,Ty,Izzat,12/30/1995,tizzat4g@yale.edu
162,Barrie,Geist,4/21/1992,bgeist4h@over-blog.com
163,Cecil,Kitcher,4/28/1994,ckitcher4i@so-net.ne.jp
164,Siobhan,Rapelli,11/12/1993,srapelli4j@wikimedia.org
165,Cris,Dimock,7/24/1996,cdimock4k@blogger.com
166,Shae,Dyett,4/26/1992,sdyett4l@google.com.au
167,Malina,Locard,3/10/1991,mlocard4m@feedburner.com
168,Kathryne,Andrault,9/3/1998,kandrault4n@livejournal.com
169,Jude,MacCart,12/12/1993,jmaccart4o@harvard.edu
170,Crin,Lamblot,9/30/1997,clamblot4p@desdev.cn
171,Nobe,Davydychev,5/31/1996,ndavydychev4q@apple.com
172,Andeee,Goring,12/31/1995,agoring4r@discuz.net
173,Nikolas,Pagon,4/4/1995,npagon4s@ucoz.com
174,Karyl,Harryman,10/5/1990,kharryman4t@ycombinator.com
175,Carolee,Donnan,10/6/1990,cdonnan4u@craigslist.org
176,Siana,McNaught,6/12/1991,smcnaught4v@canalblog.com
177,Reynolds,Rosebotham,11/16/1995,rrosebotham4w@yahoo.co.jp
178,Michale,Haddrell,1/13/1997,mhaddrell4x@purevolume.com
179,Zebulen,Copello,2/20/1994,zcopello4y@wikispaces.com
180,Averyl,Casassa,1/12/1998,acasassa4z@oaic.gov.au
181,Colleen,Marian,5/17/1992,cmarian50@uiuc.edu
182,Gustie,Emmanuele,1/13/1999,gemmanuele51@smugmug.com
183,Mortie,Burnes,5/19/1991,mburnes52@nba.com
184,Susette,Ferby,7/3/1990,sferby53@google.es
185,Concettina,St Ledger,11/13/1996,cstledger54@ed.gov
186,Gerianne,Dexter,8/9/1991,gdexter55@godaddy.com
187,Justus,Bardey,6/21/1994,jbardey56@netscape.com
188,Micheil,Tod,7/9/1999,mtod57@artisteer.com
189,Brandy,Guerrier,5/9/1995,bguerrier58@google.co.uk
190,Deny,Tease,11/13/1995,dtease59@dropbox.com
191,Mattie,Imlin,2/1/1998,mimlin5a@hostgator.com
192,Farand,Scollard,7/12/1994,fscollard5b@webs.com
193,Zsazsa,Terrington,2/12/1995,zterrington5c@tripadvisor.com
194,Maridel,Wroath,9/11/1992,mwroath5d@lycos.com
195,Liesa,Glasscoe,7/1/1995,lglasscoe5e@miibeian.gov.cn
196,Jephthah,Linggood,9/17/1994,jlinggood5f@xing.com
197,Shanan,Langford,9/15/1996,slangford5g@nifty.com
198,Parsifal,Whenman,6/15/1990,pwhenman5h@issuu.com
199,Koressa,Logsdail,11/22/1992,klogsdail5i@tiny.cc
200,Gayla,Waplinton,1/8/1997,gwaplinton5j@state.tx.us
201,Carley,Magson,6/24/1997,cmagson5k@stumbleupon.com
202,Keefe,McNysche,1/9/1997,kmcnysche5l@tmall.com
203,Lezlie,Westmarland,11/30/1995,lwestmarland5m@themeforest.net
204,Jesse,MacFall,5/23/1997,jmacfall5n@amazonaws.com
205,Marquita,Alstead,7/3/1997,malstead5o@state.tx.us
206,Francesco,Robinette,9/11/1997,frobinette5p@oakley.com
207,Curtice,Legerwood,12/27/1991,clegerwood5q@timesonline.co.uk
208,Otes,Totton,5/17/1995,ototton5r@google.ru
209,Ernie,Cudihy,8/16/1995,ecudihy5s@prweb.com
210,Worthington,Askwith,1/17/1998,waskwith5t@nymag.com
211,Sophie,Brabant,1/8/1996,sbrabant5u@engadget.com
212,Guenevere,Maltby,4/10/1992,gmaltby5v@virginia.edu
213,Dwayne,Gaunt,6/8/1996,dgaunt5w@businesswire.com
214,Meris,Batrip,10/1/1995,mbatrip5x@odnoklassniki.ru
215,Maxi,Morgans,3/28/1991,mmorgans5y@blogspot.com
216,Rockwell,Szymonowicz,7/5/1993,rszymonowicz5z@cbslocal.com
217,Stearn,Fone,7/22/1998,sfone60@fotki.com
218,Ezmeralda,Walliker,7/12/1990,ewalliker61@aol.com
219,Reg,Maguire,1/5/1996,rmaguire62@si.edu
220,Saul,Bercevelo,12/30/1994,sbercevelo63@google.pl
221,Giustina,Graddon,8/26/1999,ggraddon64@icq.com
222,Starlene,Woodford,8/27/1990,swoodford65@blog.com
223,Darrelle,Salzen,7/29/1999,dsalzen66@columbia.edu
224,Nissie,Traite,1/18/1990,ntraite67@house.gov
225,Idelle,Branton,1/31/1999,ibranton68@yahoo.co.jp
226,Mariette,Pavel,8/11/1996,mpavel69@deviantart.com
227,Marsh,Labden,7/25/1990,mlabden6a@alibaba.com
228,Ashlan,Tempest,6/30/1992,atempest6b@quantcast.com
229,Vale,Vasilyevski,6/23/1994,vvasilyevski6c@surveymonkey.com
230,Elva,Bierman,11/21/1990,ebierman6d@canalblog.com
231,Jacquelin,Barnewille,1/6/1998,jbarnewille6e@biglobe.ne.jp
232,Malia,Revell,6/2/1993,mrevell6f@abc.net.au
233,Coop,Belchem,6/30/1996,cbelchem6g@toplist.cz
234,Niels,Leopard,3/12/1992,nleopard6h@state.gov
235,Mikol,Seer,10/1/1998,mseer6i@nhs.uk
236,Kendal,Lindenman,10/5/1993,klindenman6j@google.co.jp
237,Terra,Lilburn,6/16/1992,tlilburn6k@google.co.uk
238,Rowena,Fryers,9/20/1998,rfryers6l@rediff.com
239,Cybill,Fante,8/8/1994,cfante6m@cafepress.com
240,Delinda,Shorten,3/24/1993,dshorten6n@tripod.com
241,Gilles,Smallsman,1/7/1999,gsmallsman6o@google.nl
242,Augustin,Summersby,3/5/1995,asummersby6p@devhub.com
243,Audra,Lyle,8/31/1994,alyle6q@cafepress.com
244,Scarlet,Odell,1/12/1997,sodell6r@uiuc.edu
245,Hanan,Barbosa,3/9/1990,hbarbosa6s@spiegel.de
246,Nancee,Yitzovicz,11/25/1990,nyitzovicz6t@is.gd
247,Stormi,Paoletti,9/27/1995,spaoletti6u@imgur.com
248,Cthrine,Loft,4/23/1996,cloft6v@google.com
249,Gunilla,Bellelli,11/3/1997,gbellelli6w@ucoz.com
250,Hansiain,Bathurst,5/7/1994,hbathurst6x@globo.com
251,Had,Longstaff,8/24/1998,hlongstaff6y@prnewswire.com
252,Lanna,McConnal,2/6/1991,lmcconnal6z@bravesites.com
253,Caleb,Georgescu,9/8/1997,cgeorgescu70@wix.com
254,Heall,Guilaem,11/19/1998,hguilaem71@comcast.net
255,Annalee,Folkerd,7/2/1995,afolkerd72@mit.edu
256,Henri,Persey,6/29/1996,hpersey73@dropbox.com
257,Fleur,Maciaszczyk,9/27/1993,fmaciaszczyk74@dion.ne.jp
258,Brunhilda,Sleaford,7/15/1997,bsleaford75@phoca.cz
259,Launce,Rabier,11/3/1995,lrabier76@mediafire.com
260,Patsy,Ramstead,6/11/1991,pramstead77@wikimedia.org
261,Elnora,Hawkett,4/4/1992,ehawkett78@joomla.org
262,Ruby,Woolatt,10/16/1993,rwoolatt79@youtube.com
263,Keane,Rhead,6/26/1991,krhead7a@tinypic.com
264,Dallon,Lebarree,1/18/1995,dlebarree7b@technorati.com
265,Ivette,Baumadier,10/21/1995,ibaumadier7c@weather.com
266,Myrta,Dovermann,9/25/1990,mdovermann7d@free.fr
267,Rodger,Innwood,3/10/1999,rinnwood7e@blogspot.com
268,Eilis,Fenby,3/19/1992,efenby7f@seattletimes.com
269,Edan,Delacour,11/29/1996,edelacour7g@ustream.tv
270,Abramo,Skeffington,8/30/1993,askeffington7h@cam.ac.uk
271,Eadith,Rigate,9/19/1991,erigate7i@economist.com
272,Lonnie,Jakel,3/9/1997,ljakel7j@admin.ch
273,Hildy,Viner,8/16/1996,hviner7k@phpbb.com
274,Saudra,Lomansey,8/27/1996,slomansey7l@home.pl
275,Dewitt,Chatwood,7/22/1998,dchatwood7m@eventbrite.com
276,Grata,Batson,5/1/1991,gbatson7n@discovery.com
277,Cosetta,Tuttle,7/29/1997,ctuttle7o@discovery.com
278,Melly,Ramiro,1/9/1993,mramiro7p@discuz.net
279,Amelita,Danihelka,9/11/1995,adanihelka7q@bbb.org
280,Dalis,Coste,9/11/1996,dcoste7r@pinterest.com
281,Cherie,Gooly,11/29/1992,cgooly7s@t-online.de
282,Candy,Edgeley,10/19/1993,cedgeley7t@twitpic.com
283,Cornie,Rogliero,2/12/1994,crogliero7u@soup.io
284,Gradey,Charrington,12/8/1995,gcharrington7v@ameblo.jp
285,Harriette,Divine,6/18/1997,hdivine7w@nymag.com
286,Lissa,Steed,5/23/1994,lsteed7x@foxnews.com
287,Hadley,Bausmann,6/12/1998,hbausmann7y@qq.com
288,Hally,Schruurs,1/2/1994,hschruurs7z@squarespace.com
289,Kitty,Dowyer,6/5/1999,kdowyer80@marketwatch.com
290,Charla,Riccioppo,6/5/1999,criccioppo81@slate.com
291,Janos,Guess,1/24/1992,jguess82@clickbank.net
292,Paulie,Vanderson,3/6/1997,pvanderson83@sbwire.com
293,Brand,Iban,12/19/1990,biban84@microsoft.com
294,Sibbie,Eytel,3/16/1993,seytel85@indiatimes.com
295,Phaidra,Gunderson,3/9/1996,pgunderson86@sitemeter.com
296,Francois,Murty,1/30/1995,fmurty87@blogspot.com
297,Rachael,Sugars,7/4/1990,rsugars88@ucsd.edu
298,Layton,Dumsday,4/4/1995,ldumsday89@amazonaws.com
299,Althea,Kirsz,3/14/1993,akirsz8a@behance.net
300,Sheila-kathryn,Wrangle,5/18/1999,swrangle8b@earthlink.net
301,Gregorio,Barnicott,7/19/1997,gbarnicott8c@devhub.com
302,Barbabas,MacTague,1/17/1998,bmactague8d@hatena.ne.jp
303,Idette,Kermath,5/24/1997,ikermath8e@trellian.com
304,Buddie,Kinsella,4/7/1990,bkinsella8f@list-manage.com
305,Reeva,Fetter,3/6/1992,rfetter8g@tumblr.com
306,Cesare,Gabel,10/3/1996,cgabel8h@howstuffworks.com
307,Shoshana,Pughsley,3/23/1992,spughsley8i@goo.gl
308,Ignaz,Tieraney,11/30/1998,itieraney8j@home.pl
309,Christal,Ismead,4/5/1999,cismead8k@netscape.com
310,Alvera,Rosenhaus,2/18/1997,arosenhaus8l@jalbum.net
311,Francisca,Busse,1/28/1998,fbusse8m@auda.org.au
312,Sunny,Kennsley,12/16/1997,skennsley8n@gov.uk
313,Rosy,Beedon,9/23/1991,rbeedon8o@goodreads.com
314,Rubetta,Iskowitz,3/15/1999,riskowitz8p@cpanel.net
315,Cati,Forcade,11/6/1995,cforcade8q@over-blog.com
316,Sofie,Greenlies,3/4/1994,sgreenlies8r@nih.gov
317,Malia,Gascoigne,5/26/1999,mgascoigne8s@addtoany.com
318,Rogerio,Addionizio,9/23/1995,raddionizio8t@omniture.com
319,Trever,Bertolin,11/19/1999,tbertolin8u@columbia.edu
320,Rabbi,Fenne,12/19/1990,rfenne8v@constantcontact.com
321,Odo,Janjic,4/17/1997,ojanjic8w@wired.com
322,Giraldo,Aireton,9/20/1995,gaireton8x@google.ru
323,Mercedes,Trevithick,5/25/1996,mtrevithick8y@china.com.cn
324,Debbi,Tregenna,6/20/1994,dtregenna8z@artisteer.com
325,Emlynne,Lavarack,4/25/1996,elavarack90@chron.com
326,Maridel,Burner,9/4/1996,mburner91@deliciousdays.com
327,Margette,Balsillie,11/30/1997,mbalsillie92@tumblr.com
328,Marthena,Mitten,8/4/1999,mmitten93@soup.io
329,Bucky,McCullock,10/26/1999,bmccullock94@linkedin.com
330,Birdie,Kubacek,12/10/1993,bkubacek95@accuweather.com
331,Hayden,Bour,6/26/1998,hbour96@ibm.com
332,Sandy,Konmann,12/17/1995,skonmann97@nih.gov
333,Tamara,Jurkowski,6/2/1990,tjurkowski98@nydailynews.com
334,Leeanne,Addinall,6/10/1996,laddinall99@sina.com.cn
335,Beulah,Palfreman,10/31/1991,bpalfreman9a@elpais.com
336,Lucinda,Malenoir,4/1/1999,lmalenoir9b@reddit.com
337,Francklyn,Danko,2/25/1999,fdanko9c@jugem.jp
338,Lawrence,Furlong,2/17/1993,lfurlong9d@jugem.jp
339,Venita,Mullineux,7/11/1995,vmullineux9e@google.es
340,Dareen,Duffill,9/4/1996,dduffill9f@ocn.ne.jp
341,Britney,Grut,3/6/1992,bgrut9g@buzzfeed.com
342,Jodee,Dougliss,12/23/1992,jdougliss9h@arizona.edu
343,Winfield,McCay,6/20/1991,wmccay9i@google.ru
344,Gilberte,Monelle,11/10/1993,gmonelle9j@squidoo.com
345,Orsa,Gatecliffe,3/28/1997,ogatecliffe9k@google.es
346,Carilyn,Mariel,10/12/1999,cmariel9l@miitbeian.gov.cn
347,Waylen,Masi,1/20/1990,wmasi9m@mapy.cz
348,Benny,Heathfield,2/10/1998,bheathfield9n@lulu.com
349,Prisca,Malek,6/13/1994,pmalek9o@ted.com
350,Lind,Dilley,4/23/1996,ldilley9p@miibeian.gov.cn
351,Cloe,Andriveaux,4/16/1996,candriveaux9q@patch.com
352,Karil,Belamy,3/4/1998,kbelamy9r@nsw.gov.au
353,Helenelizabeth,Goodinge,9/17/1991,hgoodinge9s@nyu.edu
354,Rad,Charnley,8/28/1996,rcharnley9t@alibaba.com
355,Cazzie,Hattoe,7/25/1998,chattoe9u@linkedin.com
356,Helga,O'Leary,4/6/1995,holeary9v@si.edu
357,Gasper,Bland,4/25/1999,gbland9w@redcross.org
358,Barney,Tregent,7/19/1991,btregent9x@quantcast.com
359,Jill,Bagniuk,12/13/1990,jbagniuk9y@utexas.edu
360,Knox,Minards,2/14/1994,kminards9z@tuttocitta.it
361,Silvie,Pervew,2/26/1998,spervewa0@sbwire.com
362,Borg,Fazzioli,6/21/1997,bfazziolia1@wiley.com
363,Adam,Mannooch,9/3/1991,amannoocha2@unesco.org
364,Genevra,Overpool,10/10/1993,goverpoola3@opensource.org
365,Oliy,Davis,3/21/1996,odavisa4@cnet.com
366,Coralyn,Seger,4/3/1994,csegera5@noaa.gov
367,Upton,Aughtie,3/1/1993,uaughtiea6@pinterest.com
368,Candra,Klaus,6/26/1991,cklausa7@netvibes.com
369,Bunny,Shaw,10/10/1992,bshawa8@weather.com
370,Faina,Dornan,11/7/1990,fdornana9@google.com.hk
371,Dewey,McCurry,2/17/1997,dmccurryaa@meetup.com
372,Paxon,Covotti,7/30/1996,pcovottiab@jalbum.net
373,Hedwiga,Selwin,11/4/1990,hselwinac@linkedin.com
374,Ricky,Scourge,8/4/1999,rscourgead@timesonline.co.uk
375,Hanan,Ismay,11/4/1992,hismayae@themeforest.net
376,Noach,Gethin,1/5/1998,ngethinaf@microsoft.com
377,Daryl,Navarijo,2/12/1997,dnavarijoag@so-net.ne.jp
378,Alica,Hallgath,10/7/1990,ahallgathah@liveinternet.ru
379,Mel,Searston,5/19/1996,msearstonai@ezinearticles.com
380,Maurice,Frankiewicz,10/4/1991,mfrankiewiczaj@histats.com
381,Ches,Trillo,12/10/1999,ctrilloak@state.gov
382,Joaquin,McTavy,12/19/1995,jmctavyal@chronoengine.com
383,Katharina,Shingles,11/27/1999,kshinglesam@cdbaby.com
384,Loretta,Maxweell,3/11/1998,lmaxweellan@furl.net
385,Erma,Howat,4/23/1992,ehowatao@sciencedirect.com
386,Angelia,Dyerson,3/13/1992,adyersonap@google.com.br
387,Winni,Caplin,1/18/1998,wcaplinaq@hubpages.com
388,Lamar,Louisot,1/23/1995,llouisotar@rediff.com
389,Elisabetta,Winteringham,3/11/1998,ewinteringhamas@spotify.com
390,Patience,Francino,7/1/1997,pfrancinoat@bravesites.com
391,Thelma,Brigdale,2/6/1990,tbrigdaleau@bloglines.com
392,Danita,Tabbernor,3/14/1992,dtabbernorav@harvard.edu
393,Wheeler,Atwool,6/11/1998,watwoolaw@tripadvisor.com
394,Barn,Guirard,4/4/1991,bguirardax@army.mil
395,Fax,Applewhaite,11/24/1998,fapplewhaiteay@sciencedirect.com
396,Odele,Altimas,6/15/1995,oaltimasaz@tinypic.com
397,Ariel,Kerans,5/13/1993,akeransb0@freewebs.com
398,Jonas,Goulder,1/1/1993,jgoulderb1@slideshare.net
399,Darryl,Kenwin,8/23/1995,dkenwinb2@state.gov
400,Bernardine,Vennart,2/23/1992,bvennartb3@uol.com.br
401,Sammy,Mac Giany,9/21/1995,smacgianyb4@ucsd.edu
402,Warner,Luno,5/31/1998,wlunob5@merriam-webster.com
403,Flin,Bottomley,6/26/1996,fbottomleyb6@cnbc.com
404,Nadiya,Aleveque,3/22/1994,nalevequeb7@weebly.com
405,Bay,Pryor,3/23/1993,bpryorb8@amazon.co.uk
406,Jojo,Phillimore,11/4/1990,jphillimoreb9@dot.gov
407,Carlynne,Sneddon,7/12/1990,csneddonba@vimeo.com
408,Jaquenette,Eadmead,8/21/1997,jeadmeadbb@alibaba.com
409,Albertine,Shayler,9/29/1993,ashaylerbc@umn.edu
410,Sandy,Peek,8/4/1993,speekbd@barnesandnoble.com
411,Delainey,Ingle,11/12/1994,dinglebe@china.com.cn
412,Thedrick,Roycroft,7/4/1994,troycroftbf@theguardian.com
413,Octavius,Beddie,9/3/1997,obeddiebg@stumbleupon.com
414,Kevon,Mealand,2/15/1996,kmealandbh@engadget.com
415,Collie,Darwin,10/29/1991,cdarwinbi@ezinearticles.com
416,Husein,Petracci,7/27/1994,hpetraccibj@prweb.com
417,Francisca,Duckit,3/13/1998,fduckitbk@lycos.com
418,Alonso,Tichelaar,5/4/1991,atichelaarbl@zimbio.com
419,Renata,Godleman,2/20/1999,rgodlemanbm@macromedia.com
420,Corty,Kilduff,12/1/1993,ckilduffbn@dedecms.com
421,Tasia,Blindermann,8/26/1992,tblindermannbo@home.pl
422,Derrek,Hebbes,7/30/1994,dhebbesbp@ustream.tv
423,Way,Whibley,11/1/1992,wwhibleybq@bloomberg.com
424,Rodina,Ford,5/23/1992,rfordbr@wiley.com
425,Annis,Hillen,10/6/1998,ahillenbs@disqus.com
426,Peria,Hablet,3/8/1996,phabletbt@gmpg.org
427,Richardo,Schlagh,3/18/1997,rschlaghbu@cdbaby.com
428,Haroun,Ingrem,12/7/1998,hingrembv@google.co.jp
429,Ronni,Palek,7/20/1992,rpalekbw@amazon.de
430,Milena,Easterling,8/11/1997,measterlingbx@pen.io
431,Vera,Byne,3/12/1995,vbyneby@alibaba.com
432,Emlyn,Arnoult,7/14/1994,earnoultbz@yahoo.com
433,Hillary,Kassel,3/28/1995,hkasselc0@ftc.gov
434,Stinky,Corbie,8/19/1998,scorbiec1@addthis.com
435,Salomon,Boarder,11/8/1994,sboarderc2@wikia.com
436,Sim,Broszkiewicz,8/26/1999,sbroszkiewiczc3@behance.net
437,Ynes,Standrin,6/22/1997,ystandrinc4@smugmug.com
438,Augustine,Snarr,11/14/1998,asnarrc5@pagesperso-orange.fr
439,Eilis,Ummfrey,8/8/1998,eummfreyc6@nasa.gov
440,Merwin,Bodell,3/23/1991,mbodellc7@craigslist.org
441,Angelika,Tattam,9/16/1994,atattamc8@archive.org
442,Flora,Benstead,5/4/1995,fbensteadc9@jigsy.com
443,Theo,Minards,1/30/1997,tminardsca@admin.ch
444,Silvio,Joselevitz,12/16/1998,sjoselevitzcb@fda.gov
445,Petronilla,Koopman,10/31/1992,pkoopmancc@gizmodo.com
446,Lurline,Vile,9/18/1994,lvilecd@tinyurl.com
447,Stu,Stockford,11/19/1998,sstockfordce@soup.io
448,Noll,de Guise,9/3/1992,ndeguisecf@surveymonkey.com
449,Deana,Sheeran,1/15/1994,dsheerancg@statcounter.com
450,Molli,Beaushaw,7/3/1999,mbeaushawch@narod.ru
451,Marilyn,Hutcheons,6/19/1994,mhutcheonsci@tripod.com
452,Danya,Christophersen,12/24/1994,dchristophersencj@china.com.cn
453,Miltie,Darton,1/16/1993,mdartonck@hibu.com
454,Harlan,Sharp,8/20/1990,hsharpcl@ucla.edu
455,Gerome,Jiracek,8/23/1997,gjiracekcm@prweb.com
456,Sada,Ridd,4/6/1994,sriddcn@webnode.com
457,Desdemona,Foreman,11/30/1999,dforemanco@businessinsider.com
458,Clayson,Elnaugh,12/11/1998,celnaughcp@mozilla.com
459,Jobyna,Freezer,5/3/1999,jfreezercq@gmpg.org
460,Kingsley,Lidgerton,4/5/1999,klidgertoncr@ow.ly
461,Emiline,Myderscough,10/25/1997,emyderscoughcs@addtoany.com
462,Cristobal,Wickson,9/10/1995,cwicksonct@walmart.com
463,Delinda,Earnshaw,5/19/1996,dearnshawcu@utexas.edu
464,Ariella,Tharme,10/26/1993,atharmecv@ocn.ne.jp
465,Derrick,Armand,9/17/1990,darmandcw@google.nl
466,Pepe,Pischoff,6/10/1992,ppischoffcx@joomla.org
467,Ira,Gherardelli,12/9/1998,igherardellicy@wired.com
468,Remus,Shelford,7/31/1990,rshelfordcz@fda.gov
469,Keefe,Dibbin,9/11/1998,kdibbind0@wikispaces.com
470,Early,MacKee,2/6/1990,emackeed1@t-online.de
471,Carter,Collcott,7/5/1997,ccollcottd2@engadget.com
472,Cinnamon,Tarbatt,6/12/1998,ctarbattd3@qq.com
473,Randall,Belderfield,3/11/1992,rbelderfieldd4@imageshack.us
474,Huberto,Nourse,1/20/1999,hnoursed5@youtube.com
475,Rosco,McLugaish,1/28/1993,rmclugaishd6@devhub.com
476,Shannah,Diemer,4/11/1998,sdiemerd7@flavors.me
477,Gerta,Siberry,2/4/1992,gsiberryd8@epa.gov
478,Lara,Matuska,9/22/1993,lmatuskad9@ted.com
479,Denna,Sheilds,12/14/1990,dsheildsda@so-net.ne.jp
480,Winnie,GiacobbiniJacob,1/10/1996,wgiacobbinijacobdb@businessweek.com
481,Ginny,Skelbeck,9/12/1992,gskelbeckdc@mayoclinic.com
482,Chen,Verman,1/22/1992,cvermandd@macromedia.com
483,Maxine,Adney,10/3/1993,madneyde@sourceforge.net
484,Wood,Cockroft,12/22/1999,wcockroftdf@quantcast.com
485,Albie,Vaudre,10/31/1993,avaudredg@sciencedirect.com
486,Clara,Cowland,12/29/1991,ccowlanddh@digg.com
487,Victoria,Hammett,8/30/1996,vhammettdi@about.com
488,Tally,Trubshaw,9/13/1991,ttrubshawdj@hp.com
489,Agnese,Attree,4/6/1992,aattreedk@bbc.co.uk
490,Carline,Trout,7/29/1992,ctroutdl@craigslist.org
491,Michell,Eate,3/5/1997,meatedm@i2i.jp
492,Kirbee,Clymo,3/8/1992,kclymodn@biblegateway.com
493,Tildi,Tabner,6/1/1998,ttabnerdo@pcworld.com
494,Dorolice,Birkmyre,10/1/1999,dbirkmyredp@google.co.jp
495,Stanley,Fall,8/31/1990,sfalldq@spiegel.de
496,Laurene,Trusdale,8/6/1994,ltrusdaledr@omniture.com
497,Marcille,Paaso,2/4/1996,mpaasods@discovery.com
498,Hanan,Tremble,2/12/1998,htrembledt@netlog.com
499,Sib,Crimpe,3/16/1990,scrimpedu@bandcamp.com
500,Amandy,Cayette,1/18/1990,acayettedv@wunderground.com
501,Saba,Gerbi,9/1/1990,sgerbidw@mysql.com
502,Mufinella,Willeson,7/21/1995,mwillesondx@toplist.cz
503,Orton,Lamputt,8/5/1995,olamputtdy@acquirethisname.com
504,Ursulina,Mougel,6/28/1997,umougeldz@wordpress.org
505,Shaughn,Aireton,9/28/1993,sairetone0@typepad.com
506,Wayland,Wonfor,12/21/1996,wwonfore1@flavors.me
507,Jay,Jupp,3/15/1992,jjuppe2@altervista.org
508,Linnell,Drayton,1/5/1991,ldraytone3@sohu.com
509,Shelli,Gay,6/15/1995,sgaye4@admin.ch
510,Eugenius,Preto,8/13/1995,epretoe5@deviantart.com
511,Rosaline,Jillett,5/8/1994,rjillette6@newsvine.com
512,Hurleigh,Goodbarr,10/16/1992,hgoodbarre7@dell.com
513,Andromache,Hughs,8/28/1991,ahughse8@mayoclinic.com
514,Sloane,Regler,9/30/1996,sreglere9@desdev.cn
515,Klement,Rigler,7/16/1992,kriglerea@chron.com
516,Thom,Benallack,4/3/1998,tbenallackeb@nih.gov
517,Moise,Randal,10/14/1996,mrandalec@gravatar.com
518,Krispin,Ketch,5/1/1996,kketched@smh.com.au
519,Brunhilda,Smorthwaite,7/17/1993,bsmorthwaiteee@foxnews.com
520,Olivette,Bernardot,8/2/1992,obernardotef@eventbrite.com
521,Torrie,Baily,8/19/1994,tbailyeg@chron.com
522,Ezechiel,Bruhnke,8/26/1994,ebruhnkeeh@dmoz.org
523,Waylan,Gerry,3/16/1993,wgerryei@smh.com.au
524,Kory,Rosbotham,8/7/1996,krosbothamej@myspace.com
525,Tirrell,Goodricke,3/16/1998,tgoodrickeek@ebay.co.uk
526,Marysa,Rydings,2/1/1992,mrydingsel@imdb.com
527,Noreen,Catcherside,9/26/1998,ncatchersideem@cornell.edu
528,Valeria,O'Rudden,11/5/1998,voruddenen@cocolog-nifty.com
529,Dan,Petigrew,7/16/1991,dpetigreweo@meetup.com
530,Teodoro,Reijmers,3/8/1991,treijmersep@vkontakte.ru
531,Vannie,Gilder,2/5/1995,vgildereq@soundcloud.com
532,Rosie,Berisford,4/12/1992,rberisforder@comcast.net
533,Emerson,Kilduff,6/10/1997,ekilduffes@weather.com
534,Linea,Turbern,1/18/1998,lturbernet@woothemes.com
535,Early,Norval,9/16/1999,enorvaleu@pen.io
536,Lisbeth,Farraway,11/16/1999,lfarrawayev@archive.org
537,Elsy,Londesborough,1/2/1992,elondesboroughew@stumbleupon.com
538,Mata,Tadman,1/14/1999,mtadmanex@zdnet.com
539,Ricoriki,Goligly,9/29/1994,rgoliglyey@webnode.com
540,Torey,Joppich,1/23/1992,tjoppichez@mit.edu
541,Marybelle,Gillbey,9/15/1998,mgillbeyf0@unblog.fr
542,Peterus,McCullouch,5/19/1994,pmccullouchf1@twitpic.com
543,Dierdre,Romans,7/3/1995,dromansf2@yellowpages.com
544,Margette,Ughelli,8/19/1996,mughellif3@time.com
545,Ragnar,Kindon,6/10/1998,rkindonf4@buzzfeed.com
546,Randal,Sunners,11/5/1999,rsunnersf5@dropbox.com
547,Efren,Kilgrove,10/20/1992,ekilgrovef6@g.co
548,Jilleen,Slyme,6/8/1995,jslymef7@deviantart.com
549,Lexi,Rabat,10/23/1999,lrabatf8@blinklist.com
550,Bartlet,Pietrusiak,1/31/1997,bpietrusiakf9@whitehouse.gov
551,Sherwood,Curreen,10/25/1994,scurreenfa@eepurl.com
552,Alida,Hooks,4/15/1999,ahooksfb@skyrock.com
553,Rockey,Dallicott,12/11/1997,rdallicottfc@de.vu
554,Arron,Purle,10/21/1993,apurlefd@hibu.com
555,Law,Dunford,9/18/1992,ldunfordfe@adobe.com
556,Jeromy,Graves,3/24/1996,jgravesff@smugmug.com
557,Clywd,Stockwell,2/22/1999,cstockwellfg@statcounter.com
558,Baird,Smitton,8/4/1992,bsmittonfh@multiply.com
559,Odessa,Tidswell,8/11/1995,otidswellfi@vk.com
560,Griffith,Mac,4/2/1996,gmacfj@constantcontact.com
561,Cecelia,Livens,10/6/1992,clivensfk@friendfeed.com
562,Honor,Schmidt,4/19/1994,hschmidtfl@amazon.com
563,Lisa,Kirk,2/22/1990,lkirkfm@fotki.com
564,Natalee,Abernethy,5/23/1993,nabernethyfn@hostgator.com
565,Stepha,Fowls,1/23/1994,sfowlsfo@wikimedia.org
566,Katti,Emblin,1/26/1992,kemblinfp@umich.edu
567,Deina,Kierans,9/20/1998,dkieransfq@youtu.be
568,Merralee,Hagard,3/6/1991,mhagardfr@booking.com
569,Lynn,Eytel,11/28/1995,leytelfs@bloglines.com
570,Darbee,Degoey,3/9/1995,ddegoeyft@pbs.org
571,Bea,Stuchbery,6/28/1996,bstuchberyfu@gov.uk
572,Orlando,Sharpe,11/6/1997,osharpefv@bravesites.com
573,Eleonore,Roy,8/30/1992,eroyfw@slate.com
574,Anselm,Gwillim,11/26/1995,agwillimfx@techcrunch.com
575,Grady,Abbess,5/19/1995,gabbessfy@cargocollective.com
576,Mauricio,Waywell,12/14/1995,mwaywellfz@360.cn
577,Jayne,Fallens,6/10/1994,jfallensg0@disqus.com
578,Pascale,Pletts,8/20/1996,pplettsg1@canalblog.com
579,Antons,Geaney,6/2/1995,ageaneyg2@psu.edu
580,Coral,Gurner,8/1/1990,cgurnerg3@wunderground.com
581,Hedwig,Doy,6/16/1990,hdoyg4@purevolume.com
582,Corrina,Mulbry,12/12/1999,cmulbryg5@odnoklassniki.ru
583,Raynard,Corbyn,11/22/1995,rcorbyng6@rakuten.co.jp
584,Noll,Stalf,1/13/1996,nstalfg7@usgs.gov
585,Chick,Pritty,7/7/1999,cprittyg8@delicious.com
586,Ken,Holsall,11/13/1997,kholsallg9@symantec.com
587,Cosmo,Dolley,7/8/1995,cdolleyga@icq.com
588,Hagen,Mostyn,7/14/1997,hmostyngb@cbsnews.com
589,Giustino,Kubacki,6/28/1990,gkubackigc@mit.edu
590,Cristabel,Fedorchenko,3/11/1990,cfedorchenkogd@washington.edu
591,Gaylene,McMylor,9/5/1990,gmcmylorge@technorati.com
592,Wallas,Pactat,11/28/1995,wpactatgf@weather.com
593,Gaynor,Lashford,9/12/1998,glashfordgg@thetimes.co.uk
594,Horten,Midlane,4/27/1996,hmidlanegh@typepad.com
595,Dagny,MacGraith,6/3/1995,dmacgraithgi@sakura.ne.jp
596,Valle,Szimon,5/11/1990,vszimongj@indiatimes.com
597,Amelie,Casaccio,6/16/1992,acasacciogk@google.pl
598,Michail,Smooth,8/21/1993,msmoothgl@smugmug.com
599,Hillel,Wilprecht,6/23/1996,hwilprechtgm@boston.com
600,Jane,Zeal,6/26/1996,jzealgn@webs.com
601,Cassandre,Enderwick,12/15/1993,cenderwickgo@shinystat.com
602,Gwennie,Mecozzi,3/2/1990,gmecozzigp@smugmug.com
603,Valentine,Mablestone,8/12/1990,vmablestonegq@squarespace.com
604,Glenda,Partener,3/24/1995,gpartenergr@wordpress.com
605,Valma,Eagleston,4/26/1999,veaglestongs@thetimes.co.uk
606,Stephannie,Sam,9/20/1997,ssamgt@indiatimes.com
607,Michaelina,Grzeskowski,7/6/1998,mgrzeskowskigu@imdb.com
608,Madelena,Shiel,11/20/1996,mshielgv@microsoft.com
609,Clementius,Stanett,8/18/1993,cstanettgw@earthlink.net
610,Wynn,Hush,4/20/1992,whushgx@goodreads.com
611,Jori,Bartocci,9/6/1998,jbartoccigy@yahoo.com
612,Zsazsa,Gorges,6/23/1997,zgorgesgz@privacy.gov.au
613,Aurea,Botterman,10/20/1991,abottermanh0@buzzfeed.com
614,Elaina,Hadny,10/18/1997,ehadnyh1@t-online.de
615,Toddy,Keetch,4/11/1994,tkeetchh2@dailymail.co.uk
616,Vikky,Lared,5/11/1994,vlaredh3@acquirethisname.com
617,Herman,Baldin,2/4/1999,hbaldinh4@ezinearticles.com
618,Bradford,Ramel,1/5/1999,bramelh5@etsy.com
619,William,Rohlfs,5/31/1993,wrohlfsh6@vimeo.com
620,Kimbra,Reede,11/17/1990,kreedeh7@xinhuanet.com
621,Zacherie,Hitchens,6/15/1997,zhitchensh8@prlog.org
622,Mozelle,Dominichetti,12/27/1996,mdominichettih9@merriam-webster.com
623,Alice,Oates,10/3/1993,aoatesha@cdbaby.com
624,Ami,Schwandermann,7/23/1992,aschwandermannhb@weather.com
625,Madelin,Sleith,8/30/1996,msleithhc@plala.or.jp
626,Adham,Ummfrey,1/24/1992,aummfreyhd@cbslocal.com
627,Ilyse,Grayshan,8/19/1991,igrayshanhe@fda.gov
628,Evvie,Kunze,8/13/1997,ekunzehf@va.gov
629,Maris,Olesen,2/11/1995,molesenhg@miitbeian.gov.cn
630,Farand,Pettigrew,11/14/1997,fpettigrewhh@fda.gov
631,Lonnie,Ferrarini,5/16/1993,lferrarinihi@people.com.cn
632,Tedie,Cawse,7/18/1994,tcawsehj@dedecms.com
633,Anastassia,Fifield,8/8/1994,afifieldhk@ifeng.com
634,Ericha,Chettoe,11/2/1992,echettoehl@angelfire.com
635,Jesselyn,Hibling,10/13/1999,jhiblinghm@comsenz.com
636,Cathyleen,Servis,9/13/1998,cservishn@mac.com
637,Jeddy,Grisley,8/8/1990,jgrisleyho@wp.com
638,Kendall,Minichi,2/6/1995,kminichihp@netlog.com
639,Christina,Cardew,8/14/1995,ccardewhq@123-reg.co.uk
640,Clotilda,Kellett,9/17/1995,ckelletthr@canalblog.com
641,Renaldo,Smelley,9/5/1994,rsmelleyhs@51.la
642,Jessey,Berryman,11/11/1991,jberrymanht@arstechnica.com
643,Berte,Stoneham,10/3/1997,bstonehamhu@amazon.com
644,Linet,Stoffler,5/27/1992,lstofflerhv@amazon.co.jp
645,Winifred,Blakes,8/25/1997,wblakeshw@posterous.com
646,Gill,Tume,4/18/1992,gtumehx@rakuten.co.jp
647,Tarra,Howat,4/4/1994,thowathy@google.fr
648,Stepha,Schindler,7/28/1996,sschindlerhz@amazonaws.com
649,Cammy,Tremblett,10/20/1997,ctrembletti0@squidoo.com
650,Phoebe,Lankham,2/14/1993,plankhami1@wunderground.com
651,Melisenda,Treslove,10/15/1999,mtreslovei2@spiegel.de
652,Anica,Ruck,9/22/1993,arucki3@google.co.uk
653,Brien,Kilbey,4/5/1998,bkilbeyi4@pen.io
654,Audy,Lumsdale,8/25/1995,alumsdalei5@nyu.edu
655,Gwynne,Sunley,6/16/1997,gsunleyi6@accuweather.com
656,Cate,Elderkin,8/9/1999,celderkini7@china.com.cn
657,Mattheus,Cogin,1/13/1998,mcogini8@cnn.com
658,Caressa,Diess,10/1/1996,cdiessi9@bloglovin.com
659,Vi,Faragan,6/19/1991,vfaragania@typepad.com
660,Faina,Winham,9/13/1990,fwinhamib@xrea.com
661,Lurette,Bremmer,4/4/1990,lbremmeric@imageshack.us
662,Mireielle,Von Gladbach,1/8/1999,mvongladbachid@vinaora.com
663,Malchy,Ashbey,9/18/1995,mashbeyie@ezinearticles.com
664,Holt,Kondratowicz,11/27/1996,hkondratowiczif@macromedia.com
665,Brynn,Shilito,8/15/1997,bshilitoig@amazon.co.uk
666,Etheline,Cardiff,8/27/1999,ecardiffih@indiegogo.com
667,Stanislas,Gierhard,4/24/1993,sgierhardii@usda.gov
668,Olimpia,Duckwith,11/22/1996,oduckwithij@simplemachines.org
669,Wilek,Orrett,8/30/1997,worrettik@businesswire.com
670,Florentia,Drance,2/18/1996,fdranceil@list-manage.com
671,Theodora,Earley,9/22/1999,tearleyim@g.co
672,Paulie,Studdal,4/2/1994,pstuddalin@alexa.com
673,Alyss,Margeram,1/11/1999,amargeramio@wix.com
674,Zsazsa,Dumbar,4/23/1999,zdumbarip@paypal.com
675,Marcelo,Kase,12/6/1999,mkaseiq@drupal.org
676,Rice,Fulcher,3/27/1994,rfulcherir@illinois.edu
677,Vaughn,Quinby,4/26/1992,vquinbyis@studiopress.com
678,Rosmunda,Gouldstraw,11/20/1991,rgouldstrawit@hp.com
679,Jud,Baytrop,3/2/1993,jbaytropiu@psu.edu
680,Silvio,Coppeard,7/19/1998,scoppeardiv@unblog.fr
681,Chad,Grisewood,2/15/1993,cgrisewoodiw@globo.com
682,Shelby,Fishenden,6/27/1999,sfishendenix@i2i.jp
683,Jilly,Potbury,1/12/1991,jpotburyiy@hubpages.com
684,Adrienne,Gunton,4/13/1996,aguntoniz@sohu.com
685,Loralee,Stitfall,7/13/1999,lstitfallj0@miibeian.gov.cn
686,Olvan,Alflat,7/31/1996,oalflatj1@paypal.com
687,Shalna,Dast,6/3/1998,sdastj2@desdev.cn
688,Lavinie,Cuthbert,6/4/1999,lcuthbertj3@cdbaby.com
689,Kirk,Lacase,5/27/1990,klacasej4@noaa.gov
690,Hewie,Woolger,9/15/1992,hwoolgerj5@ebay.com
691,Wilmette,Druett,7/5/1990,wdruettj6@youku.com
692,Rebeca,Rawnsley,9/24/1997,rrawnsleyj7@archive.org
693,Taryn,Mesias,6/21/1991,tmesiasj8@unicef.org
694,Skye,Bradshaw,3/14/1992,sbradshawj9@adobe.com
695,Minette,Odom,10/26/1992,modomja@amazonaws.com
696,Gino,Chard,7/31/1996,gchardjb@netvibes.com
697,Bernita,Nizard,12/19/1998,bnizardjc@dagondesign.com
698,Rolland,Rikel,6/24/1997,rrikeljd@europa.eu
699,Faustina,Humbatch,7/14/1999,fhumbatchje@xing.com
700,Letizia,Feary,6/8/1994,lfearyjf@elegantthemes.com
701,Judi,Swannell,10/19/1996,jswannelljg@google.com
702,Kalle,Davidesco,12/3/1991,kdavidescojh@joomla.org
703,Brocky,Catenot,12/4/1999,bcatenotji@feedburner.com
704,Wayne,Ashforth,11/30/1999,washforthjj@flickr.com
705,Veriee,Hobbema,10/6/1997,vhobbemajk@alibaba.com
706,Harlan,Cosstick,6/16/1992,hcosstickjl@bigcartel.com
707,Tabor,Danilovic,5/29/1999,tdanilovicjm@nasa.gov
708,Gertrudis,Chedzoy,1/16/1998,gchedzoyjn@toplist.cz
709,Clayborn,Olyet,9/13/1996,colyetjo@artisteer.com
710,Quentin,Bromehed,3/3/1999,qbromehedjp@vkontakte.ru
711,Erskine,Mirams,4/23/1990,emiramsjq@sina.com.cn
712,Elaine,Szwandt,5/25/1998,eszwandtjr@samsung.com
713,Stepha,Melmore,4/30/1991,smelmorejs@mayoclinic.com
714,Finlay,Titterington,4/18/1998,ftitteringtonjt@ning.com
715,Darb,Botting,10/22/1998,dbottingju@fema.gov
716,Lurline,Labell,9/15/1994,llabelljv@phoca.cz
717,Collin,Shekle,12/28/1992,csheklejw@booking.com
718,Ferris,McCaig,11/14/1996,fmccaigjx@state.tx.us
719,Julita,Bril,4/9/1994,jbriljy@house.gov
720,Deck,McAllister,5/6/1992,dmcallisterjz@about.com
721,Winni,Kernocke,1/7/1992,wkernockek0@yellowpages.com
722,Ilse,Dracey,1/23/1994,idraceyk1@biglobe.ne.jp
723,Cookie,Sabbin,2/28/1992,csabbink2@usda.gov
724,Kimberly,Lidgerton,8/15/1992,klidgertonk3@xing.com
725,Kleon,Gruczka,7/14/1993,kgruczkak4@soup.io
726,Eolande,Noye,12/23/1992,enoyek5@nydailynews.com
727,Alejandrina,Liddington,9/25/1994,aliddingtonk6@hibu.com
728,Ainslie,Swayland,10/31/1993,aswaylandk7@google.ru
729,Ashlee,Wyley,4/26/1997,awyleyk8@accuweather.com
730,Frederic,Brownsett,8/15/1994,fbrownsettk9@state.tx.us
731,Tera,McGuffie,3/4/1993,tmcguffieka@taobao.com
732,Una,Losselyong,12/14/1997,ulosselyongkb@e-recht24.de
733,Emmalee,Cordel,2/28/1990,ecordelkc@angelfire.com
734,Bobby,Wooler,1/10/1991,bwoolerkd@ebay.co.uk
735,Gardy,Sheerin,7/6/1993,gsheerinke@latimes.com
736,Eleni,Dusting,4/1/1992,edustingkf@booking.com
737,Corene,Swaffield,5/17/1990,cswaffieldkg@gravatar.com
738,Anna-diana,McIver,5/6/1990,amciverkh@umn.edu
739,Ilaire,Anstead,5/25/1995,iansteadki@zimbio.com
740,Sarena,Elverstone,10/19/1998,selverstonekj@twitter.com
741,Cecilio,Robinett,10/12/1995,crobinettkk@bandcamp.com
742,Janot,Slot,5/14/1995,jslotkl@admin.ch
743,Rodina,Mitham,11/5/1996,rmithamkm@gnu.org
744,Ferris,Corner,5/14/1990,fcornerkn@army.mil
745,Deane,Benger,9/23/1999,dbengerko@nasa.gov
746,Brietta,Garatty,1/28/1999,bgarattykp@yandex.ru
747,Laurent,Paling,3/4/1998,lpalingkq@plala.or.jp
748,Ilka,Sollis,9/26/1992,isolliskr@yandex.ru
749,Vernor,Waszkiewicz,2/23/1993,vwaszkiewiczks@about.com
750,Terza,Thresher,1/27/1992,tthresherkt@yellowpages.com
751,Gallagher,Antusch,9/6/1999,gantuschku@surveymonkey.com
752,Jessamyn,Askew,12/15/1992,jaskewkv@theglobeandmail.com
753,Chevalier,Tithecott,4/8/1998,ctithecottkw@youku.com
754,Mallorie,Pervew,4/28/1998,mpervewkx@squarespace.com
755,Loree,Viveash,8/13/1995,lviveashky@geocities.jp
756,Franz,Winsor,5/6/1991,fwinsorkz@paypal.com
757,Kristo,Radclyffe,6/1/1995,kradclyffel0@dyndns.org
758,Emeline,Arnaldi,7/10/1992,earnaldil1@mozilla.com
759,Jule,Filippone,2/28/1992,jfilipponel2@wunderground.com
760,Derward,Glover,12/26/1996,dgloverl3@webeden.co.uk
761,Callean,Toolan,9/18/1990,ctoolanl4@shutterfly.com
762,Silvano,Millions,10/8/1992,smillionsl5@wisc.edu
763,Winnie,Schruur,9/25/1992,wschruurl6@webeden.co.uk
764,Brenden,Moynihan,11/21/1993,bmoynihanl7@youku.com
765,Noak,Verlinde,3/17/1992,nverlindel8@bigcartel.com
766,Lottie,Stone,3/24/1992,lstonel9@weibo.com
767,Petronia,Cahill,12/15/1998,pcahillla@smh.com.au
768,Didi,Broster,1/7/1993,dbrosterlb@omniture.com
769,Had,Stollmeier,12/12/1998,hstollmeierlc@quantcast.com
770,Andrej,Shepcutt,1/20/1993,ashepcuttld@ucsd.edu
771,Sigismundo,Noades,3/3/1990,snoadesle@sun.com
772,Becki,Dacre,2/20/1993,bdacrelf@soup.io
773,Abbi,Siemens,10/26/1991,asiemenslg@discuz.net
774,Alicea,Chivrall,7/4/1993,achivralllh@hp.com
775,Alexio,Shearston,9/30/1998,ashearstonli@nifty.com
776,Lawton,Rainard,6/25/1994,lrainardlj@flavors.me
777,Koren,Rimer,9/19/1993,krimerlk@gov.uk
778,Clifford,Corwin,7/5/1996,ccorwinll@jugem.jp
779,Helen,Bodycomb,9/28/1992,hbodycomblm@moonfruit.com
780,Pincus,Ruter,6/26/1991,pruterln@wordpress.com
781,Norris,Fishbourne,2/21/1995,nfishbournelo@elpais.com
782,Fedora,Baccup,3/1/1992,fbaccuplp@youku.com
783,Egon,Tousy,6/12/1991,etousylq@booking.com
784,Loralyn,Baudouin,10/14/1993,lbaudouinlr@ucsd.edu
785,Lorne,Freezor,3/10/1990,lfreezorls@weebly.com
786,Arch,Mattsson,3/12/1992,amattssonlt@cnbc.com
787,Brittaney,Coye,5/20/1992,bcoyelu@discuz.net
788,Hyman,Madigan,1/1/1991,hmadiganlv@xinhuanet.com
789,Cleopatra,Huggins,3/15/1990,chugginslw@bloglines.com
790,Reggie,Francesco,8/30/1993,rfrancescolx@163.com
791,Andreana,Maryon,11/21/1994,amaryonly@ebay.co.uk
792,Salem,Saker,1/4/1995,ssakerlz@statcounter.com
793,Harris,Burns,6/10/1992,hburnsm0@hexun.com
794,Silvester,Wooller,2/28/1993,swoollerm1@nydailynews.com
795,Art,Cust,9/4/1997,acustm2@arizona.edu
796,Lila,Stebbins,12/10/1994,lstebbinsm3@virginia.edu
797,Ingrim,Slocomb,3/5/1995,islocombm4@unblog.fr
798,Hermione,Harly,12/3/1997,hharlym5@163.com
799,Natalee,Rosendahl,8/12/1997,nrosendahlm6@boston.com
800,Padget,Wellwood,3/14/1999,pwellwoodm7@shop-pro.jp
801,Marcelline,Misselbrook,7/11/1997,mmisselbrookm8@merriam-webster.com
802,Randene,Hedin,5/18/1992,rhedinm9@webnode.com
803,Keane,Minci,10/5/1999,kmincima@51.la
804,Rutter,Spall,1/6/1990,rspallmb@last.fm
805,Toddy,Kilalea,12/22/1996,tkilaleamc@nih.gov
806,Shea,Allberry,8/8/1993,sallberrymd@nature.com
807,Jesse,Wickens,3/16/1990,jwickensme@oakley.com
808,Neddy,Wolfendell,7/9/1995,nwolfendellmf@tuttocitta.it
809,Arlyne,Leathart,9/9/1995,aleathartmg@meetup.com
810,Walden,Calder,1/21/1991,wcaldermh@cornell.edu
811,Zane,Grieves,1/11/1997,zgrievesmi@51.la
812,Carolyne,Durand,5/14/1995,cdurandmj@newsvine.com
813,Dana,Ricarde,11/15/1998,dricardemk@hubpages.com
814,Joan,Joost,4/8/1995,jjoostml@t.co
815,Ned,Sherville,8/4/1991,nshervillemm@uiuc.edu
816,Any,Roswarn,10/16/1990,aroswarnmn@is.gd
817,Grissel,Couth,7/28/1996,gcouthmo@ibm.com
818,Ginny,Tombling,8/7/1993,gtomblingmp@fema.gov
819,Coraline,Ditts,5/18/1994,cdittsmq@wikispaces.com
820,Daisey,Bunt,11/29/1998,dbuntmr@angelfire.com
821,Berty,Hydes,10/5/1990,bhydesms@princeton.edu
822,Bella,De Fraine,10/19/1997,bdefrainemt@nhs.uk
823,Frank,Karpenko,5/8/1994,fkarpenkomu@spiegel.de
824,Felike,Heaven,11/21/1990,fheavenmv@rambler.ru
825,Titus,Chevin,8/19/1991,tchevinmw@chron.com
826,Robert,Bigglestone,3/27/1994,rbigglestonemx@nhs.uk
827,Noni,Hablot,11/30/1994,nhablotmy@arizona.edu
828,Ravid,Elphey,8/8/1997,relpheymz@economist.com
829,Toiboid,Screase,8/18/1991,tscreasen0@shutterfly.com
830,Tab,Crathern,2/8/1995,tcrathernn1@indiatimes.com
831,Simmonds,Maidlow,9/21/1994,smaidlown2@timesonline.co.uk
832,Pasquale,Whitnell,3/26/1994,pwhitnelln3@comcast.net
833,Letitia,Sollars,12/7/1995,lsollarsn4@yellowbook.com
834,Berkly,Fetherby,1/24/1995,bfetherbyn5@jimdo.com
835,Shermy,Pruvost,1/2/1994,spruvostn6@howstuffworks.com
836,Rosemonde,Madsen,2/5/1991,rmadsenn7@printfriendly.com
837,Leigha,Simeons,5/2/1990,lsimeonsn8@godaddy.com
838,Trever,Blaschek,4/28/1999,tblaschekn9@abc.net.au
839,Alfonse,Larchiere,1/7/1992,alarchierena@sitemeter.com
840,Jarrad,Chatenier,9/18/1996,jchateniernb@netvibes.com
841,Maribelle,Ratcliff,6/18/1993,mratcliffnc@google.com
842,Amble,Wyd,11/1/1995,awydnd@mysql.com
843,Etta,Yerlett,7/29/1999,eyerlettne@ft.com
844,Cathy,Kenwell,9/30/1990,ckenwellnf@storify.com
845,Garry,Skae,10/7/1991,gskaeng@netlog.com
846,Gusti,Learie,3/11/1992,glearienh@utexas.edu
847,Sheree,Snassell,1/8/1999,ssnassellni@ifeng.com
848,Teodor,Brunon,7/2/1991,tbrunonnj@webmd.com
849,Lucas,Levick,9/23/1995,llevicknk@artisteer.com
850,Elias,Hindenburg,8/8/1995,ehindenburgnl@blinklist.com
851,Maxie,Pittle,7/8/1995,mpittlenm@bloglovin.com
852,Siana,Maric,12/11/1990,smaricnn@feedburner.com
853,Ina,Eddoes,10/10/1995,ieddoesno@marketwatch.com
854,Gertie,Mylchreest,7/15/1993,gmylchreestnp@liveinternet.ru
855,Tamarra,Maberley,1/31/1991,tmaberleynq@webeden.co.uk
856,Broddie,Lappine,11/27/1998,blappinenr@webs.com
857,Kinny,Childerhouse,11/5/1998,kchilderhousens@sogou.com
858,Harbert,Northen,3/1/1993,hnorthennt@alexa.com
859,Adelheid,Stolli,10/24/1990,astollinu@mail.ru
860,Chrysler,Swetland,9/30/1999,cswetlandnv@wunderground.com
861,Lacie,Duigenan,1/27/1990,lduigenannw@geocities.com
862,Val,Valler,1/19/1994,vvallernx@dot.gov
863,Lombard,Neil,11/3/1995,lneilny@walmart.com
864,Bearnard,Dalgety,3/22/1999,bdalgetynz@tinyurl.com
865,Bernadene,Marwood,5/11/1996,bmarwoodo0@moonfruit.com
866,Susi,Yeiles,4/24/1994,syeileso1@soup.io
867,Birdie,Mordey,8/5/1997,bmordeyo2@army.mil
868,Morganica,O'Callaghan,8/28/1995,mocallaghano3@engadget.com
869,Nertie,Challiner,2/14/1999,nchallinero4@opensource.org
870,Sascha,Zorzin,9/16/1992,szorzino5@indiatimes.com
871,Alano,Horley,11/23/1994,ahorleyo6@dot.gov
872,Powell,Roston,10/9/1999,prostono7@wikia.com
873,Garv,Bleything,1/23/1995,gbleythingo8@paypal.com
874,Tyrus,Dinjes,12/3/1996,tdinjeso9@hc360.com
875,Aloysia,Glendza,10/20/1994,aglendzaoa@jalbum.net
876,Perle,Aberdeen,9/29/1998,paberdeenob@foxnews.com
877,Donny,Woodington,12/28/1995,dwoodingtonoc@ucsd.edu
878,Abdul,Sleicht,5/8/1998,asleichtod@mapquest.com
879,Laurens,Chillingsworth,11/8/1993,lchillingsworthoe@ihg.com
880,Sallyanne,Ledster,6/9/1992,sledsterof@w3.org
881,Chrysa,Screaton,7/13/1990,cscreatonog@statcounter.com
882,Claudette,Niemiec,6/7/1998,cniemiecoh@is.gd
883,Lani,D'Hooghe,8/11/1991,ldhoogheoi@apache.org
884,Aloysia,Suttle,12/14/1993,asuttleoj@hp.com
885,Sherie,Georgeau,2/4/1990,sgeorgeauok@wsj.com
886,Saundra,Kopmann,8/20/1992,skopmannol@upenn.edu
887,Veradis,Pratley,7/11/1995,vpratleyom@drupal.org
888,Sascha,Hrishanok,4/2/1990,shrishanokon@slashdot.org
889,Darwin,Kingswold,4/9/1998,dkingswoldoo@goo.gl
890,Esteban,Licas,6/6/1992,elicasop@virginia.edu
891,Bella,Parffrey,3/27/1996,bparffreyoq@hc360.com
892,Annamarie,Neighbour,8/23/1995,aneighbouror@jimdo.com
893,Galen,Easson,9/28/1992,geassonos@springer.com
894,Florri,Luter,10/14/1991,fluterot@scribd.com
895,Laurena,Robken,1/5/1997,lrobkenou@wufoo.com
896,Maggy,Godfroy,11/28/1994,mgodfroyov@goodreads.com
897,Katharine,Brideau,5/14/1990,kbrideauow@opera.com
898,Elvira,Deboick,10/2/1992,edeboickox@sitemeter.com
899,Rob,Lyttle,10/15/1995,rlyttleoy@wordpress.org
900,Brittany,d' Eye,7/29/1991,bdeyeoz@discuz.net
901,Bathsheba,Trowsdale,5/28/1992,btrowsdalep0@homestead.com
902,Branden,Caizley,11/29/1996,bcaizleyp1@w3.org
903,Dulcia,Janicek,5/29/1996,djanicekp2@csmonitor.com
904,Flin,Riccardi,7/17/1993,friccardip3@fc2.com
905,Che,Ternent,11/20/1995,cternentp4@latimes.com
906,Mariam,Garside,3/19/1996,mgarsidep5@buzzfeed.com
907,Gareth,Ickovits,11/27/1990,gickovitsp6@wsj.com
908,Bernarr,Minchinton,4/16/1998,bminchintonp7@sina.com.cn
909,Daffi,Morrilly,10/22/1993,dmorrillyp8@elegantthemes.com
910,Travers,Grundey,1/24/1996,tgrundeyp9@phpbb.com
911,Corbett,Nucci,6/25/1992,cnuccipa@illinois.edu
912,Cherye,Alwen,11/4/1999,calwenpb@bravesites.com
913,Lee,Mollin,1/31/1999,lmollinpc@mapy.cz
914,Consuelo,Goodbanne,4/15/1995,cgoodbannepd@cloudflare.com
915,Tiler,Kingescot,7/15/1992,tkingescotpe@wsj.com
916,Kiley,Bending,4/28/1999,kbendingpf@cnbc.com
917,Maryanne,Shawell,3/25/1994,mshawellpg@odnoklassniki.ru
918,Heindrick,Lingner,2/9/1995,hlingnerph@psu.edu
919,Nathanael,Desporte,12/22/1999,ndesportepi@arstechnica.com
920,Alli,Bridgwood,2/26/1994,abridgwoodpj@jimdo.com
921,Marylou,Iannello,3/21/1990,miannellopk@elpais.com
922,Yank,Baumer,4/1/1999,ybaumerpl@gravatar.com
923,Valeda,Harrema,4/12/1992,vharremapm@shinystat.com
924,Tammi,Sindle,12/16/1997,tsindlepn@cloudflare.com
925,Charley,Doyley,11/29/1999,cdoyleypo@skyrock.com
926,Jolynn,Concklin,5/18/1991,jconcklinpp@sciencedirect.com
927,Darbee,Ascroft,3/11/1992,dascroftpq@hostgator.com
928,Darcy,Oyley,6/4/1999,doyleypr@skype.com
929,Doe,Leys,5/8/1999,dleysps@goodreads.com
930,Andrus,Saffrin,5/25/1998,asaffrinpt@techcrunch.com
931,Timmy,Snead,12/3/1992,tsneadpu@cocolog-nifty.com
932,Ennis,Linforth,4/15/1998,elinforthpv@apache.org
933,Rod,Gillebert,1/17/1994,rgillebertpw@smh.com.au
934,Marion,Crispe,1/14/1991,mcrispepx@youku.com
935,Kaleena,Linde,1/14/1995,klindepy@mysql.com
936,Angeline,Knocker,12/15/1992,aknockerpz@mit.edu
937,Angele,Matei,9/22/1997,amateiq0@epa.gov
938,Emmye,Narrie,12/28/1995,enarrieq1@nydailynews.com
939,Arden,Moubray,8/27/1994,amoubrayq2@nba.com
940,Adena,Spence,10/10/1996,aspenceq3@netvibes.com
941,Roselia,Morrow,5/18/1993,rmorrowq4@amazon.com
942,Barnett,Forlong,2/7/1995,bforlongq5@123-reg.co.uk
943,Morton,Balharry,12/26/1994,mbalharryq6@eepurl.com
944,Becca,Fitzgerald,3/10/1995,bfitzgeraldq7@xinhuanet.com
945,Jesse,Harrower,10/30/1990,jharrowerq8@over-blog.com
946,Bay,Braybrook,7/29/1998,bbraybrookq9@mlb.com
947,Silva,McQuie,6/21/1991,smcquieqa@phoca.cz
948,Myrtie,Stollenberg,1/12/1993,mstollenbergqb@webmd.com
949,Halie,Hellmore,5/6/1997,hhellmoreqc@unblog.fr
950,Timotheus,Barkshire,10/12/1994,tbarkshireqd@usgs.gov
951,Chelsea,Priestley,10/22/1992,cpriestleyqe@ca.gov
952,Rinaldo,Blazdell,7/27/1998,rblazdellqf@msn.com
953,Nissie,Charer,2/25/1999,ncharerqg@netvibes.com
954,Alli,Grubb,3/25/1998,agrubbqh@accuweather.com
955,Min,Eslemont,2/2/1996,meslemontqi@exblog.jp
956,Ulberto,Dincke,11/1/1990,udinckeqj@globo.com
957,Sidonnie,Hammand,2/12/1998,shammandqk@amazon.co.jp
958,Junie,Jery,2/26/1991,jjeryql@amazon.com
959,Milka,Brandin,11/7/1994,mbrandinqm@google.nl
960,Giulietta,Jurkiewicz,11/7/1999,gjurkiewiczqn@jiathis.com
961,Giffer,Kolis,12/19/1990,gkolisqo@amazon.co.uk
962,Gale,Bowhey,9/25/1997,gbowheyqp@altervista.org
963,Lorrie,De Cleyne,4/20/1994,ldecleyneqq@google.it
964,Verna,Ghost,9/3/1995,vghostqr@drupal.org
965,Waverley,Ingerith,10/16/1997,wingerithqs@smugmug.com
966,Corabelle,Danford,10/27/1991,cdanfordqt@shutterfly.com
967,Zeb,Gerdts,8/18/1999,zgerdtsqu@t.co
968,Mirabella,Children,5/20/1999,mchildrenqv@webnode.com
969,Carma,Nazaret,1/1/1995,cnazaretqw@unblog.fr
970,Constantino,Danielski,12/31/1999,cdanielskiqx@arizona.edu
971,Jozef,McHardy,2/1/1992,jmchardyqy@cocolog-nifty.com
972,Poul,Maylard,3/27/1991,pmaylardqz@amazon.co.jp
973,Louisette,Goning,2/19/1998,lgoningr0@ucoz.com
974,Clary,Bednall,3/17/1999,cbednallr1@google.pl
975,Audra,Nilges,10/22/1991,anilgesr2@cnet.com
976,Albertine,Barthelme,11/7/1993,abarthelmer3@biblegateway.com
977,Libbie,Jezzard,5/11/1999,ljezzardr4@ftc.gov
978,Martita,Dewicke,12/27/1996,mdewicker5@wired.com
979,Salvador,Ingon,11/14/1993,singonr6@bandcamp.com
980,Phyllida,Peye,1/4/1995,ppeyer7@netvibes.com
981,Holly,Hastwall,6/12/1997,hhastwallr8@pagesperso-orange.fr
982,Ferdinanda,Dyball,11/8/1996,fdyballr9@uol.com.br
983,Sigfried,St Ledger,2/5/1991,sstledgerra@homestead.com
984,Alex,Ritter,10/27/1994,aritterrb@artisteer.com
985,Ebonee,Udell,4/22/1998,eudellrc@chronoengine.com
986,Trenna,Purdie,1/15/1991,tpurdierd@github.com
987,Ciel,Mackley,4/3/1991,cmackleyre@deliciousdays.com
988,Aryn,Cockshut,11/24/1994,acockshutrf@uol.com.br
989,Yetta,Cherrie,2/15/1994,ycherrierg@bandcamp.com
990,Regan,Chmiel,2/21/1996,rchmielrh@chronoengine.com
991,Yvette,Locock,12/14/1995,ylocockri@chronoengine.com
992,Trevor,Ollerhead,9/7/1993,tollerheadrj@omniture.com
993,Joya,Cram,9/8/1999,jcramrk@t-online.de
994,Oralee,Simao,3/28/1995,osimaorl@bandcamp.com
995,Kevon,Ledley,4/14/1992,kledleyrm@slate.com
996,Johnny,Crust,9/10/1991,jcrustrn@hugedomains.com
997,Quentin,Ravenscraft,5/28/1993,qravenscraftro@foxnews.com
998,Kerby,Rostern,12/5/1998,krosternrp@geocities.jp
999,Byron,Dewberry,12/26/1994,bdewberryrq@aol.com
1000,Silvester,O'Hoolahan,12/13/1993,sohoolahanrr@ucsd.edu
